INSERT INTO folk(folk_id, dob, first_name, last_name, nickname)
VALUES ('0000000000000000', '2002-11-29', 'Caleb', 'Luke', 'CJ');
INSERT INTO folk(folk_id, dob, first_name, last_name, nickname)
VALUES ('0000000000000001', '2002-03-26', 'John', 'Smith', 'Common');
INSERT INTO folk(folk_id, dob, first_name, last_name, nickname)
VALUES ('0000000000000002', '2003-02-13', 'Adam', 'Pick', 'ThePickle');
INSERT INTO folk(folk_id, dob, first_name, last_name, nickname)
VALUES ('0000000000000003', '2005-01-20', 'Bob', 'Luke', 'OlMan');
INSERT INTO folk(folk_id, dob, first_name, last_name, nickname)
VALUES ('0000000000000004', '2007-01-08', 'Jack', 'Hill', 'UpTheHill');
INSERT INTO folk(folk_id, dob, first_name, last_name, nickname)
VALUES ('0000000000000005', '2008-12-10', 'Jill', 'Hill', 'UpTheHillToo');
INSERT INTO folk(folk_id, dob, first_name, last_name, nickname)
VALUES ('0000000000000006', '2010-11-15', 'Jane', 'Doe', 'Lost');
INSERT INTO folk(folk_id, dob, first_name, last_name, nickname)
VALUES ('0000000000000007', '2012-03-29', 'San', 'Holo', 'BestDJ');
INSERT INTO folk(folk_id, dob, first_name, last_name, nickname)
VALUES ('0000000000000008', '2004-03-12', 'Frodo', 'Baggins', 'RingBoy');
INSERT INTO folk(folk_id, dob, first_name, last_name, nickname)
VALUES ('0000000000000009', '2001-02-02', 'itzSpicy', 'Ramen', 'bestgamertag');
INSERT INTO folk(folk_id, dob, first_name, last_name, nickname)
VALUES ('0000000000000010', '2002-10-12', 'Darth', 'Vader', 'isnotmyfather');
INSERT INTO folk(folk_id, dob, first_name, last_name, nickname)
VALUES ('0000000000000011', '2003-04-29', 'Ziva', 'Luke', 'TheBestDog');
INSERT INTO folk(folk_id, dob, first_name, last_name, nickname)
VALUES ('1000000000000000', '2002-06-20', 'Sauron', 'Eye', 'AllSeeing');
INSERT INTO folk(folk_id, dob, first_name, last_name, nickname)
VALUES ('2000000000000000', '2004-10-26', 'Judge', 'Judy', 'TheTerrifying');
INSERT INTO folk(folk_id, dob, first_name, last_name, nickname)
VALUES ('3000000000000000', '2005-01-04', 'Jim', 'Bo', 'Passion');
INSERT INTO folk(folk_id, dob, first_name, last_name, nickname)
VALUES ('4000000000000000', '2002-04-22', 'Chris', 'Kross', 'ThePowerful');
INSERT INTO folk(folk_id, dob, first_name, last_name, nickname)
VALUES ('5000000000000000', '2004-07-11', 'Snoop', 'Dogg', 'noexplanationneeded');
INSERT INTO folk(folk_id, dob, first_name, last_name, nickname)
VALUES ('6000000000000000', '2002-09-09', 'Joy', 'Luke', 'Scary');
INSERT INTO folk(folk_id, dob, first_name, last_name, nickname)
VALUES ('7000000000000000', '2002-09-09', 'Third', 'Eye', 'Watching');

INSERT INTO folk_phoneNums(folk_id, mobile) VALUES('0000000000000000', '0000000000');
INSERT INTO folk_phoneNums(folk_id, mobile) VALUES('0000000000000001', '0000000001');
INSERT INTO folk_phoneNums(folk_id, mobile) VALUES('0000000000000002', '0000000002');
INSERT INTO folk_phoneNums(folk_id, mobile) VALUES('0000000000000003', '0000000003');
INSERT INTO folk_phoneNums(folk_id, mobile) VALUES('0000000000000004', '0000000004');
INSERT INTO folk_phoneNums(folk_id, mobile) VALUES('0000000000000005', '0000000005');
INSERT INTO folk_phoneNums(folk_id, mobile) VALUES('0000000000000006', '0000000006');
INSERT INTO folk_phoneNums(folk_id, mobile) VALUES('0000000000000007', '0000000007');
INSERT INTO folk_phoneNums(folk_id, mobile) VALUES('0000000000000008', '0000000008');
INSERT INTO folk_phoneNums(folk_id, mobile) VALUES('0000000000000009', '0000000009');
INSERT INTO folk_phoneNums(folk_id, mobile) VALUES('0000000000000010', '0000000010');
INSERT INTO folk_phoneNums(folk_id, mobile) VALUES('0000000000000011', '0000000011');
INSERT INTO folk_phoneNums(folk_id, mobile) VALUES('1000000000000000', '1000000000');
INSERT INTO folk_phoneNums(folk_id, mobile) VALUES('2000000000000000', '2000000000');
INSERT INTO folk_phoneNums(folk_id, mobile) VALUES('3000000000000000', '3000000000');
INSERT INTO folk_phoneNums(folk_id, mobile) VALUES('4000000000000000', '4000000000');
INSERT INTO folk_phoneNums(folk_id, mobile) VALUES('5000000000000000', '5000000000');
INSERT INTO folk_phoneNums(folk_id, mobile) VALUES('6000000000000000', '6000000000');
INSERT INTO folk_phoneNums(folk_id, mobile) VALUES('7000000000000000', '7000000000');

INSERT INTO folk_emailAddrs(folk_id, email) VALUES('0000000000000000', 'email1@email.com');
INSERT INTO folk_emailAddrs(folk_id, email) VALUES('0000000000000001', 'email2@email.com');
INSERT INTO folk_emailAddrs(folk_id, email) VALUES('0000000000000002', 'email3@email.com');
INSERT INTO folk_emailAddrs(folk_id, email) VALUES('0000000000000003', 'email4@email.com');
INSERT INTO folk_emailAddrs(folk_id, email) VALUES('0000000000000004', 'email5@email.com');
INSERT INTO folk_emailAddrs(folk_id, email) VALUES('0000000000000005', 'email6@email.com');
INSERT INTO folk_emailAddrs(folk_id, email) VALUES('0000000000000006', 'email7@email.com');
INSERT INTO folk_emailAddrs(folk_id, email) VALUES('0000000000000007', 'email8@email.com');
INSERT INTO folk_emailAddrs(folk_id, email) VALUES('0000000000000008', 'email9@email.com');
INSERT INTO folk_emailAddrs(folk_id, email) VALUES('0000000000000009', 'email10@email.com');
INSERT INTO folk_emailAddrs(folk_id, email) VALUES('0000000000000010', 'email11@email.com');
INSERT INTO folk_emailAddrs(folk_id, email) VALUES('0000000000000011', 'email12@email.com');
INSERT INTO folk_emailAddrs(folk_id, email) VALUES('1000000000000000', 'staffemail1@email.com');
INSERT INTO folk_emailAddrs(folk_id, email) VALUES('2000000000000000', 'staffemail2@email.com');
INSERT INTO folk_emailAddrs(folk_id, email) VALUES('3000000000000000', 'staffemail3@email.com');
INSERT INTO folk_emailAddrs(folk_id, email) VALUES('4000000000000000', 'staffemail4@email.com');
INSERT INTO folk_emailAddrs(folk_id, email) VALUES('5000000000000000', 'staffemail5@email.com');
INSERT INTO folk_emailAddrs(folk_id, email) VALUES('6000000000000000', 'staffemail6@email.com');
INSERT INTO folk_emailAddrs(folk_id, email) VALUES('7000000000000000', 'staffemail7@email.com');

INSERT INTO elections_staff(employee_id) VALUES('1000000000000000');
INSERT INTO elections_staff(employee_id) VALUES('2000000000000000');
INSERT INTO elections_staff(employee_id) VALUES('3000000000000000');
INSERT INTO elections_staff(employee_id) VALUES('4000000000000000');
INSERT INTO elections_staff(employee_id) VALUES('5000000000000000');
INSERT INTO elections_staff(employee_id) VALUES('6000000000000000');
INSERT INTO elections_staff(employee_id) VALUES('7000000000000000');
INSERT INTO staff_administrator(admin_id) VALUES('4000000000000000');
INSERT INTO staff_clerk(clerk_id) VALUES('3000000000000000');
INSERT INTO staff_clerk(clerk_id) VALUES('5000000000000000');
INSERT INTO staff_judge(judge_id) VALUES('2000000000000000');
INSERT INTO staff_monitor(monitor_id) VALUES('6000000000000000');
INSERT INTO staff_monitor(monitor_id) VALUES('1000000000000000');
INSERT INTO staff_monitor(monitor_id) VALUES('7000000000000000');

INSERT INTO staff_schedule(staff_id, date_start, date_end)
VALUES('4000000000000000', '2022-11-01 08:00:00', '2022-12-31 17:00:00');
INSERT INTO staff_schedule(staff_id, date_start, date_end)
VALUES('6000000000000000', '2022-11-01 08:00:00', '2022-12-31 17:00:00');
INSERT INTO staff_schedule(staff_id, date_start, date_end)
VALUES('1000000000000000', '2022-11-01 08:00:00', '2022-12-31 17:00:00');
INSERT INTO staff_schedule(staff_id, date_start, date_end)
VALUES('2000000000000000', '2022-11-01 08:00:00', '2022-12-31 17:00:00');
INSERT INTO staff_schedule(staff_id, date_start, date_end)
VALUES('7000000000000000', '2022-11-01 08:00:00', '2022-12-31 17:00:00');


INSERT INTO place(addr_state, addr_city, addr_street_number, addr_street_name, coord_id)
VALUES('Maryland', 'Baltimore', '1', 'Hilltop', '0');
INSERT INTO place(addr_state, addr_city, addr_street_number, addr_street_name, coord_id)
VALUES('Maryland', 'Baltimore', '7', 'Main Street', '1');
INSERT INTO place(addr_state, addr_city, addr_street_number, addr_street_name, coord_id)
VALUES('Maryland', 'Baltimore', '999', 'Paradise', '2');
INSERT INTO place(addr_state, addr_city, addr_street_number, addr_street_name, coord_id)
VALUES('Virginia', 'Fairfax', '21', 'Acorn Hill', '3');
INSERT INTO place(addr_state, addr_city, addr_street_number, addr_street_name, coord_id)
VALUES('Virginia', 'Fairfax', '777', 'Broadview', '4');
INSERT INTO place(addr_state, addr_city, addr_street_number, addr_street_name, coord_id)
VALUES('Virginia', 'Fairfax', '101', 'Cedar Lane', '5');

INSERT INTO place_coords(coord_id, X, Y) VALUES('0', '0', '0');
INSERT INTO place_coords(coord_id, X, Y) VALUES('1', '0', '6');
INSERT INTO place_coords(coord_id, X, Y) VALUES('2', '1', '5');
INSERT INTO place_coords(coord_id, X, Y) VALUES('3', '8', '0');
INSERT INTO place_coords(coord_id, X, Y) VALUES('4', '7', '2');
INSERT INTO place_coords(coord_id, X, Y) VALUES('5', '8', '8');

INSERT INTO residence(addr_state, addr_city, addr_street_number, addr_street_name)
VALUES('Maryland', 'Baltimore', '7', 'Main Street');
INSERT INTO residence(addr_state, addr_city, addr_street_number, addr_street_name)
VALUES('Virginia', 'Fairfax', '21', 'Acorn Hill');
INSERT INTO residence(addr_state, addr_city, addr_street_number, addr_street_name)
VALUES('Virginia', 'Fairfax', '101', 'Cedar Lane');

INSERT INTO resides_at(folk_id, addr_state, addr_city, addr_street_number, addr_street_name)
VALUES('0000000000000000', 'Maryland', 'Baltimore', '7', 'Main Street');
INSERT INTO resides_at(folk_id, addr_state, addr_city, addr_street_number, addr_street_name)
VALUES('0000000000000001', 'Maryland', 'Baltimore', '7', 'Main Street');
INSERT INTO resides_at(folk_id, addr_state, addr_city, addr_street_number, addr_street_name)
VALUES('0000000000000002', 'Maryland', 'Baltimore', '7', 'Main Street');
INSERT INTO resides_at(folk_id, addr_state, addr_city, addr_street_number, addr_street_name)
VALUES('0000000000000003', 'Maryland', 'Baltimore', '7', 'Main Street');
INSERT INTO resides_at(folk_id, addr_state, addr_city, addr_street_number, addr_street_name)
VALUES('0000000000000004', 'Virginia', 'Fairfax', '21', 'Acorn Hill');
INSERT INTO resides_at(folk_id, addr_state, addr_city, addr_street_number, addr_street_name)
VALUES('0000000000000005', 'Virginia', 'Fairfax', '21', 'Acorn Hill');
INSERT INTO resides_at(folk_id, addr_state, addr_city, addr_street_number, addr_street_name)
VALUES('0000000000000006', 'Virginia', 'Fairfax', '21', 'Acorn Hill');
INSERT INTO resides_at(folk_id, addr_state, addr_city, addr_street_number, addr_street_name)
VALUES('0000000000000007', 'Virginia', 'Fairfax', '21', 'Acorn Hill');
INSERT INTO resides_at(folk_id, addr_state, addr_city, addr_street_number, addr_street_name)
VALUES('0000000000000008', 'Virginia', 'Fairfax', '101', 'Cedar Lane');
INSERT INTO resides_at(folk_id, addr_state, addr_city, addr_street_number, addr_street_name)
VALUES('0000000000000009', 'Virginia', 'Fairfax', '101', 'Cedar Lane');
INSERT INTO resides_at(folk_id, addr_state, addr_city, addr_street_number, addr_street_name)
VALUES('0000000000000010', 'Virginia', 'Fairfax', '101', 'Cedar Lane');
INSERT INTO resides_at(folk_id, addr_state, addr_city, addr_street_number, addr_street_name)
VALUES('0000000000000011', 'Virginia', 'Fairfax', '101', 'Cedar Lane');

INSERT INTO voting_center(addr_state, addr_city, addr_street_number, addr_street_name, center_acronym)
VALUES('Maryland', 'Baltimore', '1', 'Hilltop', 'UMBC');
INSERT INTO voting_center(addr_state, addr_city, addr_street_number, addr_street_name, center_acronym)
VALUES('Maryland', 'Baltimore', '999', 'Paradise', 'EVIL');
INSERT INTO voting_center(addr_state, addr_city, addr_street_number, addr_street_name, center_acronym)
VALUES('Virginia', 'Fairfax', '777', 'Broadview', 'LCKY');

INSERT INTO operating_period(date_start, date_end, cntr_acronym)
VALUES('2022-11-01 07:00:00', '2022-11-08 11:59:00', 'UMBC');
INSERT INTO operating_period(date_start, date_end, cntr_acronym)
VALUES('2022-11-10 07:00:00', '2022-11-17 11:59:00', 'UMBC');
INSERT INTO operating_period(date_start, date_end, cntr_acronym)
VALUES('2022-12-01 07:00:00', '2022-12-08 11:59:00', 'UMBC');
INSERT INTO operating_period(date_start, date_end, cntr_acronym)
VALUES('2022-12-10 07:00:00', '2022-12-17 11:59:00', 'UMBC');
INSERT INTO operating_period(date_start, date_end, cntr_acronym)
VALUES('2022-11-01 07:00:00', '2022-11-08 11:59:00', 'EVIL');
INSERT INTO operating_period(date_start, date_end, cntr_acronym)
VALUES('2022-11-10 07:00:00', '2022-11-17 11:59:00', 'EVIL');
INSERT INTO operating_period(date_start, date_end, cntr_acronym)
VALUES('2022-12-01 07:00:00', '2022-12-08 11:59:00', 'EVIL');
INSERT INTO operating_period(date_start, date_end, cntr_acronym)
VALUES('2022-12-10 07:00:00', '2022-12-17 11:59:00', 'EVIL');
INSERT INTO operating_period(date_start, date_end, cntr_acronym)
VALUES('2022-11-01 07:00:00', '2022-11-08 11:59:00', 'LCKY');
INSERT INTO operating_period(date_start, date_end, cntr_acronym)
VALUES('2022-11-10 07:00:00', '2022-11-17 11:59:00', 'LCKY');
INSERT INTO operating_period(date_start, date_end, cntr_acronym)
VALUES('2022-12-01 07:00:00', '2022-12-08 11:59:00', 'LCKY');
INSERT INTO operating_period(date_start, date_end, cntr_acronym)
VALUES('2022-12-10 07:00:00', '2022-12-17 11:59:00', 'LCKY');

INSERT INTO works_at(staff_id, center_acronym) VALUES('1000000000000000', 'UMBC');
INSERT INTO works_at(staff_id, center_acronym) VALUES('6000000000000000', 'EVIL');
INSERT INTO works_at(staff_id, center_acronym) VALUES('7000000000000000', 'LCKY');

INSERT INTO ballots(ballot_name, date_start, date_end) VALUES ('FRST', '2022-11-01 00:00:00', '2022-12-01 11:59:00');
INSERT INTO ballots(ballot_name, date_start, date_end) VALUES ('SCND', '2022-11-01 00:00:00', '2022-12-01 11:59:00');
INSERT INTO ballots(ballot_name, date_start, date_end) VALUES ('THRD', '2022-11-17 00:00:00', '2022-12-17 11:59:00');
INSERT INTO ballots(ballot_name, date_start, date_end) VALUES ('FRTH', '2022-11-17 00:00:00', '2022-12-17 11:59:00');

INSERT INTO ballot_questions(ballot_name, question_num, question_text) VALUES('FRST', '1', 'Should dogs be able to vote?');
INSERT INTO ballot_questions(ballot_name, question_num, question_text) VALUES('FRST', '2', 'Will 2023 be better than 2022?');
INSERT INTO ballot_questions(ballot_name, question_num, question_text) VALUES('FRST', '3', 'Does 9+10 = 19?');
INSERT INTO ballot_questions(ballot_name, question_num, question_text) VALUES('SCND', '1', 'Should dogs be able to vote?');
INSERT INTO ballot_questions(ballot_name, question_num, question_text) VALUES('SCND', '2', 'Will 2023 be better than 2022?');
INSERT INTO ballot_questions(ballot_name, question_num, question_text) VALUES('SCND', '3', 'Does 9+10 = 19?');
INSERT INTO ballot_questions(ballot_name, question_num, question_text) VALUES('THRD', '1', 'Should dogs be able to vote?');
INSERT INTO ballot_questions(ballot_name, question_num, question_text) VALUES('THRD', '2', 'Will 2023 be better than 2022?');
INSERT INTO ballot_questions(ballot_name, question_num, question_text) VALUES('THRD', '3', 'Does 9+10 = 19?');
INSERT INTO ballot_questions(ballot_name, question_num, question_text) VALUES('FRTH', '1', 'Should dogs be able to vote?');
INSERT INTO ballot_questions(ballot_name, question_num, question_text) VALUES('FRTH', '2', 'Will 2023 be better than 2022?');
INSERT INTO ballot_questions(ballot_name, question_num, question_text) VALUES('FRTH', '3', 'Does 9+10 = 19?');

INSERT INTO registry(ballot_name, center_acronym, folk_id, voting_date)
VALUES('FRST', 'UMBC', '0000000000000000', '2022-11-01');
INSERT INTO registry(ballot_name, center_acronym, folk_id, voting_date)
VALUES('SCND', 'UMBC', '0000000000000000', '2022-11-17');
INSERT INTO registry(ballot_name, center_acronym, folk_id, voting_date)
VALUES('THRD', 'UMBC', '0000000000000001', '2022-12-06');
INSERT INTO registry(ballot_name, center_acronym, folk_id, voting_date)
VALUES('FRST', 'UMBC', '0000000000000001', '2022-11-02');
INSERT INTO registry(ballot_name, center_acronym, folk_id, voting_date)
VALUES('SCND', 'UMBC', '0000000000000002', '2022-11-12');
INSERT INTO registry(ballot_name, center_acronym, folk_id, voting_date)
VALUES('THRD', 'UMBC', '0000000000000002', '2022-12-12');
INSERT INTO registry(ballot_name, center_acronym, folk_id, voting_date)
VALUES('FRST', 'UMBC', '0000000000000003', '2022-11-15');
INSERT INTO registry(ballot_name, center_acronym, folk_id, voting_date)
VALUES('SCND', 'UMBC', '0000000000000003', '2022-12-16');
INSERT INTO registry(ballot_name, center_acronym, folk_id, voting_date)
VALUES('SCND', 'UMBC', '0000000000000001', '2022-11-15');

INSERT INTO registry(ballot_name, center_acronym, folk_id, voting_date)
VALUES('FRST', 'EVIL', '0000000000000004', '2022-11-01');
INSERT INTO registry(ballot_name, center_acronym, folk_id, voting_date)
VALUES('SCND', 'EVIL', '0000000000000004', '2022-11-17');
INSERT INTO registry(ballot_name, center_acronym, folk_id, voting_date)
VALUES('THRD', 'EVIL', '0000000000000005', '2022-12-06');
INSERT INTO registry(ballot_name, center_acronym, folk_id, voting_date)
VALUES('FRST', 'EVIL', '0000000000000005', '2022-11-02');
INSERT INTO registry(ballot_name, center_acronym, folk_id, voting_date)
VALUES('SCND', 'EVIL', '0000000000000006', '2022-11-12');
INSERT INTO registry(ballot_name, center_acronym, folk_id, voting_date)
VALUES('THRD', 'EVIL', '0000000000000006', '2022-12-12');
INSERT INTO registry(ballot_name, center_acronym, folk_id, voting_date)
VALUES('FRST', 'EVIL', '0000000000000007', '2022-11-15');
INSERT INTO registry(ballot_name, center_acronym, folk_id, voting_date)
VALUES('SCND', 'EVIL', '0000000000000007', '2022-12-16');
INSERT INTO registry(ballot_name, center_acronym, folk_id, voting_date)
VALUES('SCND', 'UMBC', '0000000000000005', '2022-11-15');

INSERT INTO registry(ballot_name, center_acronym, folk_id, voting_date)
VALUES('FRST', 'LCKY', '0000000000000008', '2022-11-01');
INSERT INTO registry(ballot_name, center_acronym, folk_id, voting_date)
VALUES('SCND', 'LCKY', '0000000000000008', '2022-11-17');
INSERT INTO registry(ballot_name, center_acronym, folk_id, voting_date)
VALUES('THRD', 'LCKY', '0000000000000009', '2022-12-06');
INSERT INTO registry(ballot_name, center_acronym, folk_id, voting_date)
VALUES('FRST', 'LCKY', '0000000000000009', '2022-11-02');
INSERT INTO registry(ballot_name, center_acronym, folk_id, voting_date)
VALUES('SCND', 'LCKY', '0000000000000010', '2022-11-12');
INSERT INTO registry(ballot_name, center_acronym, folk_id, voting_date)
VALUES('THRD', 'LCKY', '0000000000000010', '2022-12-12');
INSERT INTO registry(ballot_name, center_acronym, folk_id, voting_date)
VALUES('FRST', 'LCKY', '0000000000000011', '2022-11-15');
INSERT INTO registry(ballot_name, center_acronym, folk_id, voting_date)
VALUES('SCND', 'LCKY', '0000000000000011', '2022-12-16');

INSERT INTO casted_vote(ballot_name, center_acronym, folk_id, monitor_id, cast_date)
VALUES('FRST', 'UMBC', '0000000000000000', '1000000000000000', '2022-11-16');
INSERT INTO casted_vote(ballot_name, center_acronym, folk_id, monitor_id, cast_date)
VALUES('FRST', 'UMBC', '0000000000000001', '1000000000000000', '2022-11-16');
INSERT INTO casted_vote(ballot_name, center_acronym, folk_id, monitor_id, cast_date)
VALUES('FRST', 'UMBC', '0000000000000003', '1000000000000000', '2022-11-16');
INSERT INTO casted_vote(ballot_name, center_acronym, folk_id, monitor_id, cast_date)
VALUES('FRST', 'EVIL', '0000000000000004', '6000000000000000', '2022-11-16');
INSERT INTO casted_vote(ballot_name, center_acronym, folk_id, monitor_id, cast_date)
VALUES('FRST', 'EVIL', '0000000000000005', '6000000000000000', '2022-11-16');
INSERT INTO casted_vote(ballot_name, center_acronym, folk_id, monitor_id, cast_date)
VALUES('FRST', 'EVIL', '0000000000000007', '6000000000000000', '2022-11-16');
INSERT INTO casted_vote(ballot_name, center_acronym, folk_id, monitor_id, cast_date)
VALUES('FRST', 'LCKY', '0000000000000008', '7000000000000000', '2022-11-16');
INSERT INTO casted_vote(ballot_name, center_acronym, folk_id, monitor_id, cast_date)
VALUES('FRST', 'LCKY', '0000000000000009', '7000000000000000', '2022-11-16');
INSERT INTO casted_vote(ballot_name, center_acronym, folk_id, monitor_id, cast_date)
VALUES('FRST', 'LCKY', '0000000000000011', '7000000000000000', '2022-11-16');

INSERT INTO casted_vote(ballot_name, center_acronym, folk_id, monitor_id, cast_date)
VALUES('SCND', 'UMBC', '0000000000000000', '1000000000000000', '2022-11-16');
INSERT INTO casted_vote(ballot_name, center_acronym, folk_id, monitor_id, cast_date)
VALUES('SCND', 'UMBC', '0000000000000001', '1000000000000000', '2022-11-16');
INSERT INTO casted_vote(ballot_name, center_acronym, folk_id, monitor_id, cast_date)
VALUES('SCND', 'UMBC', '0000000000000002', '1000000000000000', '2022-11-16');
INSERT INTO casted_vote(ballot_name, center_acronym, folk_id, monitor_id, cast_date)
VALUES('SCND', 'UMBC', '0000000000000003', '1000000000000000', '2022-11-16');
INSERT INTO casted_vote(ballot_name, center_acronym, folk_id, monitor_id, cast_date)
VALUES('SCND', 'EVIL', '0000000000000004', '1000000000000000', '2022-11-16');
INSERT INTO casted_vote(ballot_name, center_acronym, folk_id, monitor_id, cast_date)
VALUES('SCND', 'EVIL', '0000000000000005', '1000000000000000', '2022-11-16');
INSERT INTO casted_vote(ballot_name, center_acronym, folk_id, monitor_id, cast_date)
VALUES('SCND', 'EVIL', '0000000000000006', '1000000000000000', '2022-11-16');
INSERT INTO casted_vote(ballot_name, center_acronym, folk_id, monitor_id, cast_date)
VALUES('SCND', 'EVIL', '0000000000000007', '1000000000000000', '2022-11-16');
INSERT INTO casted_vote(ballot_name, center_acronym, folk_id, monitor_id, cast_date)
VALUES('SCND', 'LCKY', '0000000000000008', '1000000000000000', '2022-11-16');
INSERT INTO casted_vote(ballot_name, center_acronym, folk_id, monitor_id, cast_date)
VALUES('SCND', 'LCKY', '0000000000000010', '1000000000000000', '2022-11-16');
INSERT INTO casted_vote(ballot_name, center_acronym, folk_id, monitor_id, cast_date)
VALUES('SCND', 'LCKY', '0000000000000011', '1000000000000000', '2022-11-16');

INSERT INTO ballot_answers(folk_id, ballot_name, question_num, response) 
VALUES('0000000000000000', 'SCND', '1', 'Yes');
INSERT INTO ballot_answers(folk_id, ballot_name, question_num, response) 
VALUES('0000000000000000', 'SCND', '2', 'No');
INSERT INTO ballot_answers(folk_id, ballot_name, question_num, response) 
VALUES('0000000000000000', 'SCND', '3', 'Yes');
INSERT INTO ballot_answers(folk_id, ballot_name, question_num, response) 
VALUES('0000000000000001', 'SCND', '1', 'Yes');
INSERT INTO ballot_answers(folk_id, ballot_name, question_num, response) 
VALUES('0000000000000001', 'SCND', '2', 'No');
INSERT INTO ballot_answers(folk_id, ballot_name, question_num, response) 
VALUES('0000000000000001', 'SCND', '3', 'Abstain');
INSERT INTO ballot_answers(folk_id, ballot_name, question_num, response) 
VALUES('0000000000000002', 'SCND', '1', 'Yes');
INSERT INTO ballot_answers(folk_id, ballot_name, question_num, response) 
VALUES('0000000000000002', 'SCND', '2', 'No');
INSERT INTO ballot_answers(folk_id, ballot_name, question_num, response) 
VALUES('0000000000000002', 'SCND', '3', 'Yes');
INSERT INTO ballot_answers(folk_id, ballot_name, question_num, response) 
VALUES('0000000000000003', 'SCND', '1', 'Yes');
INSERT INTO ballot_answers(folk_id, ballot_name, question_num, response) 
VALUES('0000000000000003', 'SCND', '2', 'No');
INSERT INTO ballot_answers(folk_id, ballot_name, question_num, response) 
VALUES('0000000000000003', 'SCND', '3', 'No');
INSERT INTO ballot_answers(folk_id, ballot_name, question_num, response) 
VALUES('0000000000000004', 'SCND', '1', 'Yes');
INSERT INTO ballot_answers(folk_id, ballot_name, question_num, response) 
VALUES('0000000000000004', 'SCND', '2', 'No');
INSERT INTO ballot_answers(folk_id, ballot_name, question_num, response) 
VALUES('0000000000000004', 'SCND', '3', 'Yes');
INSERT INTO ballot_answers(folk_id, ballot_name, question_num, response) 
VALUES('0000000000000005', 'SCND', '1', 'Yes');
INSERT INTO ballot_answers(folk_id, ballot_name, question_num, response) 
VALUES('0000000000000005', 'SCND', '2', 'Yes');
INSERT INTO ballot_answers(folk_id, ballot_name, question_num, response) 
VALUES('0000000000000005', 'SCND', '3', 'Abstain');
INSERT INTO ballot_answers(folk_id, ballot_name, question_num, response) 
VALUES('0000000000000006', 'SCND', '1', 'Yes');
INSERT INTO ballot_answers(folk_id, ballot_name, question_num, response) 
VALUES('0000000000000006', 'SCND', '2', 'No');
INSERT INTO ballot_answers(folk_id, ballot_name, question_num, response) 
VALUES('0000000000000006', 'SCND', '3', 'Yes');
INSERT INTO ballot_answers(folk_id, ballot_name, question_num, response) 
VALUES('0000000000000007', 'SCND', '1', 'No');
INSERT INTO ballot_answers(folk_id, ballot_name, question_num, response) 
VALUES('0000000000000007', 'SCND', '2', 'No');
INSERT INTO ballot_answers(folk_id, ballot_name, question_num, response) 
VALUES('0000000000000007', 'SCND', '3', 'Yes');
INSERT INTO ballot_answers(folk_id, ballot_name, question_num, response) 
VALUES('0000000000000008', 'SCND', '1', 'Yes');
INSERT INTO ballot_answers(folk_id, ballot_name, question_num, response) 
VALUES('0000000000000008', 'SCND', '2', 'No');
INSERT INTO ballot_answers(folk_id, ballot_name, question_num, response) 
VALUES('0000000000000008', 'SCND', '3', 'Yes');
INSERT INTO ballot_answers(folk_id, ballot_name, question_num, response) 
VALUES('0000000000000010', 'SCND', '1', 'Abstain');
INSERT INTO ballot_answers(folk_id, ballot_name, question_num, response) 
VALUES('0000000000000010', 'SCND', '2', 'No');
INSERT INTO ballot_answers(folk_id, ballot_name, question_num, response) 
VALUES('0000000000000010', 'SCND', '3', 'Yes');
INSERT INTO ballot_answers(folk_id, ballot_name, question_num, response) 
VALUES('0000000000000011', 'SCND', '1', 'No');
INSERT INTO ballot_answers(folk_id, ballot_name, question_num, response) 
VALUES('0000000000000011', 'SCND', '2', 'No');
INSERT INTO ballot_answers(folk_id, ballot_name, question_num, response) 
VALUES('0000000000000011', 'SCND', '3', 'Yes');

INSERT INTO ballot_answers(folk_id, ballot_name, question_num, response) 
VALUES('0000000000000000', 'FRST', '1', 'Yes');
INSERT INTO ballot_answers(folk_id, ballot_name, question_num, response) 
VALUES('0000000000000000', 'FRST', '2', 'No');
INSERT INTO ballot_answers(folk_id, ballot_name, question_num, response) 
VALUES('0000000000000000', 'FRST', '3', 'Yes');
INSERT INTO ballot_answers(folk_id, ballot_name, question_num, response) 
VALUES('0000000000000001', 'FRST', '1', 'No');
INSERT INTO ballot_answers(folk_id, ballot_name, question_num, response) 
VALUES('0000000000000001', 'FRST', '2', 'Yes');
INSERT INTO ballot_answers(folk_id, ballot_name, question_num, response) 
VALUES('0000000000000001', 'FRST', '3', 'No');
INSERT INTO ballot_answers(folk_id, ballot_name, question_num, response) 
VALUES('0000000000000003', 'FRST', '1', 'Yes');
INSERT INTO ballot_answers(folk_id, ballot_name, question_num, response) 
VALUES('0000000000000003', 'FRST', '2', 'No');
INSERT INTO ballot_answers(folk_id, ballot_name, question_num, response) 
VALUES('0000000000000003', 'FRST', '3', 'Yes');
INSERT INTO ballot_answers(folk_id, ballot_name, question_num, response) 
VALUES('0000000000000004', 'FRST', '1', 'Abstain');
INSERT INTO ballot_answers(folk_id, ballot_name, question_num, response) 
VALUES('0000000000000004', 'FRST', '2', 'Yes');
INSERT INTO ballot_answers(folk_id, ballot_name, question_num, response) 
VALUES('0000000000000004', 'FRST', '3', 'No');
INSERT INTO ballot_answers(folk_id, ballot_name, question_num, response) 
VALUES('0000000000000005', 'FRST', '1', 'Abstain');
INSERT INTO ballot_answers(folk_id, ballot_name, question_num, response) 
VALUES('0000000000000005', 'FRST', '2', 'No');
INSERT INTO ballot_answers(folk_id, ballot_name, question_num, response) 
VALUES('0000000000000005', 'FRST', '3', 'Yes');
INSERT INTO ballot_answers(folk_id, ballot_name, question_num, response) 
VALUES('0000000000000007', 'FRST', '1', 'No');
INSERT INTO ballot_answers(folk_id, ballot_name, question_num, response) 
VALUES('0000000000000007', 'FRST', '2', 'Yes');
INSERT INTO ballot_answers(folk_id, ballot_name, question_num, response) 
VALUES('0000000000000007', 'FRST', '3', 'Abstain');
INSERT INTO ballot_answers(folk_id, ballot_name, question_num, response) 
VALUES('0000000000000008', 'FRST', '1', 'Yes');
INSERT INTO ballot_answers(folk_id, ballot_name, question_num, response) 
VALUES('0000000000000008', 'FRST', '2', 'No');
INSERT INTO ballot_answers(folk_id, ballot_name, question_num, response) 
VALUES('0000000000000008', 'FRST', '3', 'Yes');
INSERT INTO ballot_answers(folk_id, ballot_name, question_num, response) 
VALUES('0000000000000009', 'FRST', '1', 'No');
INSERT INTO ballot_answers(folk_id, ballot_name, question_num, response) 
VALUES('0000000000000009', 'FRST', '2', 'Abstain');
INSERT INTO ballot_answers(folk_id, ballot_name, question_num, response) 
VALUES('0000000000000009', 'FRST', '3', 'No');
INSERT INTO ballot_answers(folk_id, ballot_name, question_num, response) 
VALUES('0000000000000011', 'FRST', '1', 'Yes');
INSERT INTO ballot_answers(folk_id, ballot_name, question_num, response) 
VALUES('0000000000000011', 'FRST', '2', 'No');
INSERT INTO ballot_answers(folk_id, ballot_name, question_num, response) 
VALUES('0000000000000011', 'FRST', '3', 'Yes');